Workbook
Name ListaPeríodos: Análises!$M$1:$N$5
Name tbMetas: Tabela4[#All]

Sheet Vendas
A1: Data | B1: Pedido | C1: Vendedor | D1: Produto | E1: Categoria | F1: Quantidade | G1: Preco_Unitario | H1: Faturamento | J1: Total de conferência
A2: 46027 | B2: 1001 | C2: Ana | D2: Mouse | E2: Periféricos | F2: 3 | G2: 80 | H2: =tbVendas[[#This Row],[Quantidade]]*tbVendas[[#This Row],[Preco_Unitario]] -> 240 | J2: =SUM(tbVendas[Faturamento]) -> 12160
A3: 46030 | B3: 1002 | C3: Bruno | D3: Teclado | E3: Periféricos | F3: 2 | G3: 150 | H3: =tbVendas[[#This Row],[Quantidade]]*tbVendas[[#This Row],[Preco_Unitario]] -> 300
A4: 46034 | B4: 1003 | C4: Carla | D4: Monitor | E4: Monitores | F4: 1 | G4: 900 | H4: =tbVendas[[#This Row],[Quantidade]]*tbVendas[[#This Row],[Preco_Unitario]] -> 900
A5: 46039 | B5: 1004 | C5: Ana | D5: Headset | E5: Áudio | F5: 2 | G5: 200 | H5: =tbVendas[[#This Row],[Quantidade]]*tbVendas[[#This Row],[Preco_Unitario]] -> 400
A6: 46044 | B6: 1005 | C6: Bruno | D6: Monitor | E6: Monitores | F6: 1 | G6: 900 | H6: =tbVendas[[#This Row],[Quantidade]]*tbVendas[[#This Row],[Preco_Unitario]] -> 900
A7: 46049 | B7: 1006 | C7: Carla | D7: Mouse | E7: Periféricos | F7: 4 | G7: 80 | H7: =tbVendas[[#This Row],[Quantidade]]*tbVendas[[#This Row],[Preco_Unitario]] -> 320
A8: 46056 | B8: 1007 | C8: Ana | D8: Monitor | E8: Monitores | F8: 2 | G8: 900 | H8: =tbVendas[[#This Row],[Quantidade]]*tbVendas[[#This Row],[Preco_Unitario]] -> 1800
A9: 46060 | B9: 1008 | C9: Bruno | D9: Headset | E9: Áudio | F9: 3 | G9: 200 | H9: =tbVendas[[#This Row],[Quantidade]]*tbVendas[[#This Row],[Preco_Unitario]] -> 600
A10: 46064 | B10: 1009 | C10: Carla | D10: Teclado | E10: Periféricos | F10: 4 | G10: 150 | H10: =tbVendas[[#This Row],[Quantidade]]*tbVendas[[#This Row],[Preco_Unitario]] -> 600
A11: 46069 | B11: 1010 | C11: Ana | D11: Mouse | E11: Periféricos | F11: 5 | G11: 80 | H11: =tbVendas[[#This Row],[Quantidade]]*tbVendas[[#This Row],[Preco_Unitario]] -> 400
A12: 46074 | B12: 1011 | C12: Bruno | D12: Teclado | E12: Periféricos | F12: 3 | G12: 150 | H12: =tbVendas[[#This Row],[Quantidade]]*tbVendas[[#This Row],[Preco_Unitario]] -> 450
A13: 46079 | B13: 1012 | C13: Carla | D13: Monitor | E13: Monitores | F13: 1 | G13: 900 | H13: =tbVendas[[#This Row],[Quantidade]]*tbVendas[[#This Row],[Preco_Unitario]] -> 900
A14: 46085 | B14: 1013 | C14: Ana | D14: Teclado | E14: Periféricos | F14: 3 | G14: 150 | H14: =tbVendas[[#This Row],[Quantidade]]*tbVendas[[#This Row],[Preco_Unitario]] -> 450
... A19: 46109 | B19: 1018 | C19: Carla | D19: Teclado | E19: Periféricos | F19: 2 | G19: 150 | H19: =tbVendas[[#This Row],[Quantidade]]*tbVendas[[#This Row],[Preco_Unitario]] -> 300

Sheet Metas
A1: Mes | B1: Vendedor | C1: Meta | E1: Total das metas
A2: 46023 | B2: Ana | C2: 1000 | E2: =SUM(Tabela4[Meta]) -> 13300
A3: 46023 | B3: Bruno | C3: 1200
A4: 46023 | B4: Carla | C4: 1500
A5: 46054 | B5: Ana | C5: 2000
A6: 46054 | B6: Bruno | C6: 1200
A7: 46054 | B7: Carla | C7: 1600
A8: 46082 | B8: Ana | C8: 1200
A9: 46082 | B9: Bruno | C9: 2000
A10: 46082 | B10: Carla | C10: 1600

Sheet Análises
A1: Vendedor | B1: Faturamento | C1: Meta | D1: Atingimento | E1: Diferenca | G1: Produto | H1: Faturamento | J1: Mes | K1: Faturamento | M1: Periodos | O1: Data inicial | P1: Data final exclusiva
A2: Ana | B2: =SUMIFS(tbVendas[Faturamento],tbVendas[Vendedor],A2,tbVendas[Data],">="&$O$2,tbVendas[Data],"<"&$P$2) -> 3890 | C2: =SUMIFS(Tabela4[Meta],Tabela4[Vendedor],A2,Tabela4[Mes],">="&$O$2,Tabela4[Mes],"<"&$P$2) -> 4200 | D2: =IFERROR(B2/C2,0) -> 0.92619048 | E2: =B2-C2 -> -310 | G2: Monitor | H2: =SUMIFS(tbVendas[Faturamento],tbVendas[Produto],G2,tbVendas[Data],">="&$O$2,tbVendas[Data],"<"&$P$2) -> 6300 | J2: 46023 | K2: =SUMIFS(tbVendas[Faturamento],tbVendas[Data],">="&J2,tbVendas[Data],"<"&DATE(YEAR(J2),MONTH(J2)+1,1)) -> 3060 | M2: Todos | O2: =IF(Dashboard!$G$2="Todos",DATE(2026,1,1),DATE(2026,MATCH(Dashboard!$G$2,$M$3:$M$5,0),1)) -> 46023 | P2: =IF(Dashboard!$G$2="Todos",DATE(2026,4,1),DATE(YEAR(O2),MONTH(O2)+1,1)) -> 46113
A3: Bruno | B3: =SUMIFS(tbVendas[Faturamento],tbVendas[Vendedor],A3,tbVendas[Data],">="&$O$2,tbVendas[Data],"<"&$P$2) -> 4450 | C3: =SUMIFS(Tabela4[Meta],Tabela4[Vendedor],A3,Tabela4[Mes],">="&$O$2,Tabela4[Mes],"<"&$P$2) -> 4400 | D3: =IFERROR(B3/C3,0) -> 1.0113636 | E3: =B3-C3 -> 50 | G3: Headset | H3: =SUMIFS(tbVendas[Faturamento],tbVendas[Produto],G3,tbVendas[Data],">="&$O$2,tbVendas[Data],"<"&$P$2) -> 2400 | J3: 46054 | K3: =SUMIFS(tbVendas[Faturamento],tbVendas[Data],">="&J3,tbVendas[Data],"<"&DATE(YEAR(J3),MONTH(J3)+1,1)) -> 4750 | M3: Janeiro
A4: Carla | B4: =SUMIFS(tbVendas[Faturamento],tbVendas[Vendedor],A4,tbVendas[Data],">="&$O$2,tbVendas[Data],"<"&$P$2) -> 3820 | C4: =SUMIFS(Tabela4[Meta],Tabela4[Vendedor],A4,Tabela4[Mes],">="&$O$2,Tabela4[Mes],"<"&$P$2) -> 4700 | D4: =IFERROR(B4/C4,0) -> 0.81276596 | E4: =B4-C4 -> -880 | G4: Teclado | H4: =SUMIFS(tbVendas[Faturamento],tbVendas[Produto],G4,tbVendas[Data],">="&$O$2,tbVendas[Data],"<"&$P$2) -> 2100 | J4: 46082 | K4: =SUMIFS(tbVendas[Faturamento],tbVendas[Data],">="&J4,tbVendas[Data],"<"&DATE(YEAR(J4),MONTH(J4)+1,1)) -> 4350 | M4: Fevereiro
G5: Mouse | H5: =SUMIFS(tbVendas[Faturamento],tbVendas[Produto],G5,tbVendas[Data],">="&$O$2,tbVendas[Data],"<"&$P$2) -> 1360 | M5: Março

Sheet Dashboard
B2: DASHBOARD DE VENDAS | F2: Período | G2: Todos
B3: =IF(G2="Todos","Janeiro a março de 2026 | Dados fictícios",G2&" de 2026 | Dados fictícios") -> Janeiro a março de 2026 | Dados fictícios
B5: Faturamento total | F5: Meta total | J5: Atingimento
B6: =SUMIFS(tbVendas[Faturamento],tbVendas[Data],">="&Análises!$O$2,tbVendas[Data],"<"&Análises!$P$2) -> 12160 | F6: =SUMIFS(Tabela4[Meta],Tabela4[Mes],">="&Análises!$O$2,Tabela4[Mes],"<"&Análises!$P$2) -> 13300 | J6: =IFERROR(B6/F6,0) -> 0.91428571
B8: Quantidade de pedidos | F8: Ticket médio | J8: Falta para a meta
B9: =COUNTIFS(tbVendas[Data],">="&Análises!$O$2,tbVendas[Data],"<"&Análises!$P$2) -> 18 | F9: =IFERROR(B6/B9,0) -> 675.55556 | J9: =MAX(F6-B6,0) -> 1140

Sheet Sobre
A1: Projeto | B1: Dashboard de Vendas — Excel
A3: Objetivo | B3: Acompanhar faturamento, metas, produtos e desempenho por vendedor.
A5: Base de dados | B5: Dados fictícios: 18 pedidos, 3 vendedores e 4 produtos, de janeiro a março de 2026.
A7: Recursos utilizados | B7: Tabelas estruturadas, SOMASES, CONT.SES, SE, SEERRO, validação de dados, formatação condicional e gráficos.
A9: Como usar | B9: Na aba Dashboard, escolha o período em G2. Os indicadores e gráficos de vendedores e produtos respondem à seleção. O gráfico mensal mantém os três meses para comparação.
A11: Limitações | B11: Base pequena para fins de aprendizagem. Cada pedido ocupa uma linha. O seletor contempla somente janeiro a março de 2026.
A13: Conclusões — janeiro a março de 2026
A15: Meta | B15: A loja vendeu R$ 12.160,00 e atingiu 91,43% da meta. Faltaram R$ 1.140,00 para alcançar o objetivo.
A17: Vendedores | B17: Bruno foi o único vendedor que superou sua meta no total dos três meses.
A19: Produtos | B19: Monitores geraram R$ 6.300,00, representando 51,81% do faturamento da loja.
A21: Evolução | B21: Fevereiro foi o mês de maior faturamento. Em março, as vendas caíram 8,42% em relação a fevereiro.
A23: Próxima investigação | B23: Investigar por que as vendas caíram em março e por que alguns vendedores ficaram abaixo da meta. Os dados disponíveis não mostram as causas.
